<?xml version="1.0" encoding="UTF-8" standalone="yes"?>
<addon id="plugin.video.ptvtbuild" name="PTVTBUILD" version="1.0" provider-name="wintters">
  <requires>
    <import addon="xbmc.python" version="2.1.0"/>
  </requires>
  <extension point="xbmc.python.pluginsource" library="default.py">
        <provides>video executable</provides>
  </extension>
  <extension point="xbmc.addon.metadata">
    <summary lang="en">ptvt wizard</summary>
    <description lang="en">9/2/17
Actualización de complementos de PalcoTV Tunning</description>
    <platform>all</platform>
  </extension>
</addon>
